slope_x,slope_y,slope_z,label
0.0,0.20846154,0.0,A
-0.39923078,0.19538462,0.31846154,A
-0.82384616,0.2423077,0.085384615,A
1.0023077,0.06615385,-0.26307693,A
0.8730769,0.0,-0.23615384,A
-1.2376924,0.0,-0.4553846,B
-1.7792307,0.0,-0.39846155,B
-0.7430769,0.0,-0.31846154,B
-0.28923076,-0.087692305,0.0,B
-1.6184615,0.13153847,-0.30153847,B
0.14,0.0,0.0,C
0.07,0.0,-0.6453846,C
0.083076924,0.0,-0.5284615,C
0.0,0.042307694,-0.59923077,C
0.09307692,0.0,-0.64076924,C
